username,email,password
user_b55n38,email@test.org,YNsN&8xAtV
user_qdxbrk,email@mail.com,S0FUkA7iH8
user_vkcorx,email@mail.com,yzgw*JXFvF
user_8pc67d,email@test.org,I&B*lsYpd7
user_bjc9v1,email@mail.com,@$#(r4AMAJ
user_hcbt9d,email@mail.com,xN7@LOEfcP
user_9n71h9,email@test.org,Bkd270bkfI
user_3bypo4,email@example.com,5j2Cq5RCbt
user_goc9t5,email@example.com,586qQe5DeO
user_ldgrzk,email@example.com,sghE(##yln
user_jqulch,email@test.org,HqjcZ(Cioz
user_gbg7t4,email@example.com,^9#XgC4j8N
user_zbetj7,email@test.org,CxrK17kMXs
user_9fvuvi,email@test.org,ULX%I$7^8g
user_vvr0s3,email@example.com,G$vj$q3Skz
user_cygv39,email@test.org,xCg01C#wfM
user_xyz2qx,email@mail.com,WLHN5p!LlO
user_6fiylq,email@test.org,5jX(epR3hg
user_2yh2di,email@example.com,z))UlBOrbC
user_ih42lh,email@example.com,Iy(3rweDPZ
user_x89igd,email@example.com,MgfpkSFuoW
user_3mu0un,email@mail.com,ST0%&Z8#ap
user_8zpyl5,email@test.org,)J1)B2r8Gi
user_lh613x,email@test.org,QBdxqC6&ll
user_f8d54i,email@example.com,j(&D6WWVXK
user_gu554d,email@test.org,6#4blDQAK^
user_7ud0jo,email@test.org,OvtZdQronx
user_4z6ytg,email@test.org,0Re6kjK*4M
user_jl3qrw,email@mail.com,v(8^q%13g4
user_1q3pbt,email@example.com,uUn1jnpL*%
user_xob09q,email@mail.com,Sr31$wyyiU
user_tno0ww,email@example.com,e)PVm3Toyz
user_c171ls,email@mail.com,1C6%vlJgpE
user_7g7tf5,email@test.org,RXauJDiL25
user_ny1zj1,email@mail.com,o6tB*VWkos
user_hujjxr,email@test.org,Q2gAw(tiTA
user_golwd1,email@mail.com,@E)Z@5Sntc
user_j696k6,email@example.com,E4Z6Q(vpg9
user_kugn54,email@test.org,LOS0s7Nc6m
user_h6bo5k,email@example.com,Xo&oLwP7ks
user_5ee3xg,email@test.org,kZjMgN09I#
user_u05y05,email@mail.com,$6Zv#MUwS#
user_rwlc6p,email@example.com,CcIAChkdjm
user_lfqfnn,email@test.org,QWFgAlJG8s
user_t5tgyf,email@test.org,w%$u8cJC^T
user_3oryn5,email@mail.com,&37FEcvj9G
user_m4zf79,email@mail.com,RdpvjKfGCZ
user_na0ubx,email@test.org,G2Zs7QeZkb
user_zx5lyw,email@example.com,4KWs!!&XdR
user_rc84fs,email@mail.com,0aW2q)Fu5q
user_6cgktp,email@test.org,c21GK6yuET
user_ugoajx,email@example.com,Rkt1%sFFYp
user_wcl6aa,email@mail.com,$L@^HKI)To
user_se19qn,email@example.com,mHg4ZgMPCC
user_hz1ra3,email@example.com,8i(2rBg)mv
user_hotf01,email@example.com,@PZgihW)NL
user_qxc3s7,email@example.com,vUcT7yR$o&
user_7n41w9,email@mail.com,RfzAeB8LNr
user_gqv201,email@mail.com,5N@7PoTIzM
user_s319qv,email@mail.com,AgRBwB)Qyb
user_s94j5s,email@test.org,EHy0e#wR)t
user_1hgryz,email@test.org,guPtC*5BVR
user_uuckle,email@example.com,3bzchR4h)z
user_1ws52e,email@test.org,uUcuO7l#uk
user_zotqbm,email@mail.com,wgypz*Ixkg
user_yef7vn,email@mail.com,BIy4668J4)
user_5w2arf,email@mail.com,J2UFuGgVWC
user_xsmejb,email@example.com,QbCsl5buIH
user_ewjuhj,email@example.com,XCOBs3&dsF
user_qjixap,email@test.org,M)T$zQcE9)
user_uncart,email@mail.com,*7Etv21krT
user_3dn4ii,email@test.org,oGH!SI3@x)
user_ctuv7j,email@test.org,!GnKYy)U9f
user_nyyoom,email@example.com,I22gGTjp))
user_5hwmnt,email@mail.com,KK@l&IEHqc
user_j4yttx,email@example.com,2ekXTOKX*P
user_l2gh2b,email@example.com,WvBwqjyQw2
user_i8ndwk,email@example.com,(kg*L3RFLt
user_8ugadn,email@example.com,^JFZt(Sb$C
user_4t8vn6,email@mail.com,la&)FBV7c^
user_0rl58y,email@mail.com,hjBXuAk59H
user_mstihz,email@test.org,7!KA540lbU
user_sekade,email@test.org,Ny#m$z9Yg*
user_6gxi8q,email@test.org,Ezx0(*hbG(
user_b41fya,email@example.com,hq9t^TLr6r
user_m0zf0c,email@test.org,o88JWh&Cqo
user_h9zgyc,email@example.com,w@9p)dN*M&
user_cdtsfj,email@example.com,7diIJhOD5r
user_1sd06x,email@example.com,Uw5rom!3sR
user_00u56g,email@test.org,3(iMX@SFf4
user_inn31m,email@mail.com,CFB6MdL7BC
user_f7x0sc,email@mail.com,QlP&VcSF)r
user_wyjmp2,email@mail.com,1XPNoPkpsl
user_0e44ku,email@test.org,ua70E68S)i
user_fxjatm,email@test.org,aMd939MSQ6
user_obdrum,email@test.org,CIXu%87UHu
user_1qm721,email@mail.com,!3toqpaal9
user_pgcoff,email@mail.com,$ucYn#r5kP
user_qqcfmo,email@test.org,Qi93jwvyLZ
user_5x4a7j,email@test.org,9V3%(23VS&
